,order_id,order_item_id,product_id,seller_id,shipping_limit_date,price,freight_value
0,00010242fe8c5a6d1ba2dd792cb16214,1,4244733e06e7ecb4970a6e2683c13e61,48436dade18ac8b2bce089ec2a041202,2017-09-19 09:45:35,58.9,13.29
1,00018f77f2f0320c557190d7a144bdd3,1,e5f2d52b802189ee658865ca93d83a8f,dd7ddc04e1b6c2c614352b383efe2d36,2017-05-03 11:05:13,239.9,19.93
2,000229ec398224ef6ca0657da4fc703e,1,c777355d18b72b67abbeef9df44fd0fd,5b51032eddd242adc84c38acab88f23d,2018-01-18 14:48:30,199.0,17.87
3,00024acbcdf0a6daa1e931b038114c75,1,7634da152a4610f1595efa32f14722fc,9d7a1d34a5052409006425275ba1c2b4,2018-08-15 10:10:18,12.99,12.79
4,00042b26cf59d7ce69dfabb4e55b4fd9,1,ac6c3623068f30de03045865e4e10089,df560393f3a51e74553ab94004ba5c87,2017-02-13 13:57:51,199.9,18.14
5,00048cc3ae777c65dbb7d2a0634bc1ea,1,ef92defde845ab8450f9d70c526ef70f,6426d21aca402a131fc0a5d0960a3c90,2017-05-23 03:55:27,21.9,12.69
6,00054e8431b9d7675808bcb819fb4a32,1,8d4f2bb7e93e6710a28f34fa83ee7d28,7040e82f899a04d1b434b795a43b4617,2017-12-14 12:10:31,19.9,11.85
7,000576fe39319847cbb9d288c5617fa6,1,557d850972a7d6f792fd18ae1400d9b6,5996cddab893a4652a15592fb58ab8db,2018-07-10 12:30:45,810.0,70.75
8,0005a1a1728c9d785b8e2b08b904576c,1,310ae3c140ff94b03219ad0adc3c778f,a416b6a846a11724393025641d4edd5e,2018-03-26 18:31:29,145.95,11.65
9,0005f50442cb953dcd1d21e1fb923495,1,4535b0e1091c278dfd193e5a1d63b39f,ba143b05f0110f0dc71ad71b4466ce92,2018-07-06 14:10:56,53.99,11.4
10,00061f2a7bc09da83e415a52dc8a4af1,1,d63c1011f49d98b976c352955b1c4bea,cc419e0650a3c5ba77189a1882b7556a,2018-03-29 22:28:09,59.99,8.88
11,00063b381e2406b52ad429470734ebd5,1,f177554ea93259a5b282f24e33f65ab6,8602a61d680a10a82cceeeda0d99ea3d,2018-07-31 17:30:39,45.0,12.98
12,0006ec9db01a64e59a68b2c340bf65a7,1,99a4788cb24856965c36a24e339b6058,4a3ca9315b744ce9f8e9374361493884,2018-07-26 17:24:20,74.0,23.32
13,0008288aa423d2a3f00fcb17cd7d8719,1,368c6c730842d78016ad823897a372db,1f50f920176fa81dab994f9023523100,2018-02-21 02:55:52,49.9,13.37
14,0008288aa423d2a3f00fcb17cd7d8719,2,368c6c730842d78016ad823897a372db,1f50f920176fa81dab994f9023523100,2018-02-21 02:55:52,49.9,13.37
15,0009792311464db532ff765bf7b182ae,1,8cab8abac59158715e0d70a36c807415,530ec6109d11eaaf87999465c6afee01,2018-08-17 12:15:10,99.9,27.65
16,0009c9a17f916a706d71784483a5d643,1,3f27ac8e699df3d300ec4a5d8c5cf0b2,fcb5ace8bcc92f75707dc0f01a27d269,2018-05-02 09:31:53,639.0,11.34
17,000aed2e25dbad2f9ddb70584c5a2ded,1,4fa33915031a8cde03dd0d3e8fb27f01,fe2032dab1a61af8794248c8196565c9,2018-05-16 20:57:03,144.0,8.77
18,000c3e6612759851cc3cbb4b83257986,1,b50c950aba0dcead2c48032a690ce817,218d46b86c1881d022bce9c68a7d4b15,2017-08-21 03:33:13,99.0,13.71
19,000e562887b1f2006d75e0be9558292e,1,5ed9eaf534f6936b51d0b6c5e4d5c2e9,8cbac7e12637ed9cffa18c7875207478,2018-02-28 12:08:37,25.0,16.11
20,000e63d38ae8c00bbcb5a30573b99628,1,553e0e7590d3116a072507a3635d2877,1c129092bf23f28a5930387c980c0dfc,2018-03-29 20:07:49,47.9,8.88
21,000e906b789b55f64edcb1f84030f90d,1,57d79905de06d8897872c551bfd09358,ea8482cd71df3c1969d7b9473ff13abc,2017-11-27 19:09:02,21.99,11.85
22,000f25f4d72195062c040b12dce9a18a,1,1c05e0964302b6cf68ca0d15f326c6ba,7c67e1448b00f6e969d365cea6b010ab,2018-03-21 11:10:11,119.99,44.4
23,001021efaa8636c29475e7734483457d,1,5d7c23067ed3fc8c6e699b9373d5890b,6560211a19b47992c3666cc44a7e94c0,2018-03-05 09:35:41,49.0,15.1
24,0010b2e5201cc5f1ae7e9c6cc8f5bd00,1,5a419dbf24a8c9718fe522b81c69f61a,3504c0cb71d7fa48d967e0e4c94d59d9,2017-09-15 18:04:37,48.9,16.6
25,00119ff934e539cf26f92b9ef0cdfed8,1,21b1c2f67a9aafb5af0eb06c13b9dbda,c864036feaab8c1659f65ea4faebe1da,2017-08-11 00:35:12,219.9,16.98
26,0011d82c4b53e22e84023405fb467e57,1,c389f712c4b4510bc997cee93e8b1a28,bfd27a966d91cfaafdb25d076585f0da,2018-01-29 21:51:25,289.0,26.33
27,00125cb692d04887809806618a2a145f,1,1c0c0093a48f13ba70d0c6b0a9157cb7,41b39e28db005d9731d9d485a83b4c38,2017-03-29 13:05:42,109.9,25.51
28,00130c0eee84a3d909e75bc08c5c3ca1,1,89321f94e35fc6d7903d36f74e351d40,16090f2ca825584b5a147ab24aa30c86,2018-06-14 05:16:24,27.9,7.94
29,0013503b13da1eac686219390b7d641b,1,38afdf723b95d455b418a0f57d623c6b,1554a68530182680ad5c8b042c3ab563,2017-12-13 03:16:36,119.9,17.32
30,00137e170939bba5a3134e2386413108,1,672e757f331900b9deea127a2a7b79fd,e59aa562b9f8076dd550fcddf0e73491,2017-11-30 06:30:55,397.0,24.65
31,001427c0ec99cf8af737bd88e92fd444,1,28b4eced95a52d9c437a4caf9d311b95,77530e9772f57a62c906e1c21538ab82,2018-04-12 19:08:28,59.9,23.35
32,00143d0f86d6fbd9f9b38ab440ac16f5,1,e95ee6822b66ac6058e2e4aff656071a,a17f621c590ea0fab3d5d883e1630ec6,2017-10-20 16:07:52,21.33,15.1
33,00143d0f86d6fbd9f9b38ab440ac16f5,2,e95ee6822b66ac6058e2e4aff656071a,a17f621c590ea0fab3d5d883e1630ec6,2017-10-20 16:07:52,21.33,15.1
34,00143d0f86d6fbd9f9b38ab440ac16f5,3,e95ee6822b66ac6058e2e4aff656071a,a17f621c590ea0fab3d5d883e1630ec6,2017-10-20 16:07:52,21.33,15.1
35,0014ae671de39511f7575066200733b7,1,23365beed316535b4105bd800c46670e,92eb0f42c21942b6552362b9b114707d,2017-05-29 03:15:24,16.5,14.1
36,0015ebb40fb17286bea51d4607c4733c,1,50fd2b788dc166edd20512370dac54df,8b321bb669392f5163d04c59e235e066,2018-01-18 09:11:24,21.9,15.1
37,00169e31ef4b29deaae414f9a5e95929,1,b10eba910a974df70b8a12d0665cdb9e,a3e9a2c700480d9bb01fba070ba80a0e,2018-01-23 03:35:47,39.0,16.11
38,0016dfedd97fc2950e388d2971d718c7,1,4089861a1bd4685da70bddd6b4f974f1,a35124e2d763d7ca3fbe3b97d143200f,2017-05-05 10:05:12,49.75,20.8
39,0017afd5076e074a48f1f1a4c7bac9c5,1,fe59a1e006df3ac42bf0ceb876d70969,25c5c91f63607446a97b143d2d535d31,2017-04-24 22:25:19,809.1,44.29
40,001862358bf858722e1e2ae000cfed8b,1,c6dd917a0be2a704582055949915ab32,7a67c85e85bb2ce8582c35f2203ad736,2018-02-13 19:10:37,99.99,13.72
41,0019c29108428acffd089c36103c9440,1,28b4eced95a52d9c437a4caf9d311b95,77530e9772f57a62c906e1c21538ab82,2018-03-12 06:50:26,59.9,19.95
42,001ab0a7578dd66cd4b0a71f5b6e1e41,1,0b0172eb0fd18479d29c3bc122c058c2,5656537e588803a555b8eb41f07a944b,2018-01-04 02:33:42,24.89,17.63
43,001ab0a7578dd66cd4b0a71f5b6e1e41,2,0b0172eb0fd18479d29c3bc122c058c2,5656537e588803a555b8eb41f07a944b,2018-01-04 02:33:42,24.89,17.63
44,001ab0a7578dd66cd4b0a71f5b6e1e41,3,0b0172eb0fd18479d29c3bc122c058c2,5656537e588803a555b8eb41f07a944b,2018-01-04 02:33:42,24.89,17.63
45,001ac194d4a326a6fa99b581e9a3d963,1,dbaee28f4ee64465838a229582d77520,ffc470761de7d0232558ba5e786e57b7,2018-07-10 02:51:10,54.0,8.54
46,001b76dd48a5b1eee3e87778daa40df8,1,dbb67791e405873b259e4656bf971246,9c0e69c7bf2619675bbadf47b43f655a,2018-04-02 17:50:17,81.99,13.01
47,001c85b5f68d2be0cb0797afc9e8ce9a,1,84f456958365164420cfc80fbe4c7fab,4a3ca9315b744ce9f8e9374361493884,2017-11-29 22:38:47,99.0,13.71
48,001d8f0e34a38c37f7dba2a37d4eba8b,1,e67307ff0f15ade43fcb6e670be7a74c,f4aba7c0bca51484c30ab7bdc34bcdd1,2017-05-18 17:35:11,18.99,7.78
49,001d8f0e34a38c37f7dba2a37d4eba8b,2,e67307ff0f15ade43fcb6e670be7a74c,f4aba7c0bca51484c30ab7bdc34bcdd1,2017-05-18 17:35:11,18.99,7.78
50,001daeb0eddc45b999bad0801ad9d273,1,30c01cc81c9eb80469371743813789cc,f45122a9ab94eb4f3f8953578bc0c560,2017-05-25 02:15:20,38.33,16.79
51,001dbc16dc51075e987543d23a0507c7,1,777d2e438a1b645f3aec9bd57e92672c,4a3ca9315b744ce9f8e9374361493884,2017-02-01 13:17:57,69.9,18.0
52,001e7ba991be1b19605ca0316e7130f9,1,884fa3cd42986ba480ea2f8ae4e25ff7,3340ef1913fb70d28420f6ceb685c339,2017-03-23 11:47:37,195.0,18.21
53,001e7cf2ad6bef3ade12ebc56ceaf0f3,1,bdcf6a834e8faa30dac3886c7a58e92e,2a84855fd20af891be03bc5924d2b453,2018-05-22 10:59:50,35.9,15.2
54,0020262c8a370bd5a174ea6a2a267321,1,a5341e3f8155dbb3e62323d3ea289729,ff063b022a9a0aab91bad2c9088760b7,2017-12-04 09:58:07,79.5,21.05
55,0020a222f55eb79a372d0efee3cca688,1,e19ddcc85537b41f22116c8d5425ef46,8a32e327fe2c1b3511609d81aaf9f042,2017-08-21 03:03:44,29.99,15.1
56,002175704e8b209f61b9ad5cfd92b60e,1,e6b6e13cf71449a457269f425b89dc74,b2ba3715d723d245138f291a6fe42594,2018-04-26 12:30:57,109.9,13.21
57,00229e4e43f7a7e0b9dd819ad43268d3,1,13fcfc313dfb2217e5ee3000a702f9ef,c3cfdc648177fdbbbb35635a37472c53,2018-04-10 16:50:11,74.9,16.49
58,0025081dcf9330f9a5052ae82c6ce396,1,4e3f399366b0047a572b6682f9bb166e,5f3ae9136c875522250f8184f253413a,2018-04-02 16:35:20,14.95,18.23
59,00254baeb6c932b0a8aeead91fbd02b5,1,18901878788fec7ddc55e64d1ace8187,e8b4225284fbb02d16f200513f1f395d,2018-05-14 22:14:46,149.9,43.11
60,00259a44fcad3fc0474329e925d14fc3,1,0c4d0a08f95c7b7dc5dc7402bfdafd4c,9f505651f4a6abe901a56cdc21508025,2018-01-03 17:59:35,19.99,14.1
61,0025c5d1a8ca53a240ec2634bb4492ea,1,35537536ed2b4c561b4018bf3abf54e0,955fee9216a65b617aa5c0531780ce60,2018-07-10 09:30:09,390.0,29.39
62,002611a77fe03d076285fd4ca95db77c,1,fe077ec80df6b4ee60bb4498d5ab1962,87142160b41353c4e5fca2360caf6f92,2018-03-07 02:49:09,135.0,21.75
63,002691433f09002ac9ca0c4e8dbb8ead,1,430d215740da7fdda91cc938f8fd92f6,0887a9f087bcd5d9f6642b52f897fc6c,2017-02-06 21:18:03,104.0,16.43
64,0026a368634b6e6f34f33b1499773a30,1,892832da5b05b0f54578e1f14f193c22,12b9676b00f60f3b700e83af21824c0e,2017-11-10 21:26:45,149.0,15.8
65,00275bce676303c3bfd7292aefdfa223,1,6490b9f63b0b595e1c1402b46b0f50ad,99eaacc9e6046db1c82b163c5f84869f,2017-12-04 03:32:47,279.9,13.46
66,00276d5c3491fbf55305e26891040df9,1,71c89e9d8fa274b017279aa322cd0e19,8f78f0903005064036736c7173a5c2ed,2018-02-27 11:55:57,44.9,23.22
67,002834535f7a609a5c68266f173fa59e,1,df3655ac9aa8c6cbfa63bdd8d3b09c50,ea8482cd71df3c1969d7b9473ff13abc,2018-07-26 17:44:36,37.99,19.18
68,0028de0ca693a1bb26448916a81105cc,1,059344baebbeaa42fa9f2bbe11b1583e,955fee9216a65b617aa5c0531780ce60,2018-08-21 03:35:17,29.99,15.31
69,002955b0acc63d04f6724a31967e82bd,1,d9bdf643d95cb89844c0da1a0df1d16e,058fd0aa2bfdb2274e05e1ae971dabb6,2017-12-22 15:51:31,120.0,15.59
70,0029c5db35ef291ce99d1262012e7daa,1,7614c62b86a81021243e438cfde78ccc,900ba814c251a692506d7834c1218441,2018-09-03 03:50:23,492.75,21.62
71,0029f17cf0e7640c5cb6825af681303f,1,01c666c82f414c762ad21bffa56e8b49,d3dcf0604eabf0224fbd5948b5e02f69,2018-05-08 12:14:52,94.9,18.54
72,002af7fa9eb99d1456bceb6a13d6fc0b,1,c2ece64199af7a53793ed9612a89a8cd,6c7d50c24b3ccd2fd83b44d8bb34e073,2018-02-22 19:46:50,88.34,21.11
73,002b430ff89b3a24c31a1170acbbedea,1,cc47c0863559499f01b4cad750929d10,7a67c85e85bb2ce8582c35f2203ad736,2017-06-26 22:10:14,199.99,65.56
74,002b4e6fa42cd4a22cc86abc18fe9c05,1,a6f449f6257f26e556013151cee46b4b,b1a81260566c1bac3114a6d124413f27,2018-03-15 10:35:37,99.9,19.67
75,002c9def9c9b951b1bec6d50753c9891,1,2d9ff06c8870a518f5f6909774e140fb,00720abe85ba0859807595bbf045a33b,2018-05-21 17:32:03,78.0,8.9
76,002c9def9c9b951b1bec6d50753c9891,2,2d9ff06c8870a518f5f6909774e140fb,00720abe85ba0859807595bbf045a33b,2018-05-21 17:32:03,78.0,8.9
77,002d040018d12a3853c059f7f23ab5b1,1,97c58626cc3e15d514d2095f69650220,fe2032dab1a61af8794248c8196565c9,2017-11-27 03:47:23,155.0,14.84
78,002f16b7bc4530031b7d90f791b12d8a,1,d54c5b81fc2b38707588dd4eddc7c594,0241d4d5d36f10f80c644447315af0bd,2018-07-04 17:11:12,249.9,34.23
79,002f19a65a2ddd70a090297872e6d64e,1,9eae06d51aaa383b2bed5547a19d581c,1835b56ce799e6a4dc4eddc053f04066,2018-03-27 13:15:27,53.98,23.31
80,002f98c0f7efd42638ed6100ca699b42,1,d41dc2f2979f52d75d78714b378d4068,7299e27ed73d2ad986de7f7c77d919fa,2017-08-10 09:30:15,8.99,32.57
81,002f98c0f7efd42638ed6100ca699b42,2,880be32f4db1d9f6e2bec38fb6ac23ab,fa40cc5b934574b62717c68f3d678b6d,2017-08-10 09:30:15,44.9,7.16
82,0030d783f979fbc5981e75613b057344,1,ae27a5524edb2c8dc4656c670f458fb7,8e6cc767478edae941d9bd9eb778d77a,2017-11-29 23:13:38,60.6,17.67
83,0030ff924c38549807645976adeef2c0,1,bd7cab8de4d7943286634023cc06f8ff,855668e0971d4dfd7bef1b6a4133b41b,2018-04-06 17:10:21,225.0,67.24
84,00310b0c75bb13015ec4d82d341865a4,1,c8e7c2ef329fcda4a233e7e2f8bb8b7d,a2deecd5398f5df4987110c80a1972a3,2018-08-17 15:04:25,39.9,15.38
85,00324b3eda39ba5ecce3945823e3594c,1,54e5063e43f27f747d592eb24e913150,0dd184061fb0eaa7ca37932c68ab91c5,2018-04-17 09:12:11,76.0,34.07
86,0032d07457ae9c806c79368d7d9ce96b,1,08279c494018541f71443c07d77560f8,e333046ce6517bd8bb510291d44f0130,2018-03-15 19:28:51,159.0,27.19
87,003324c70b19a16798817b2b3640e721,1,2b939dc9b176d7fa21594d588815d4a4,dbc22125167c298ef99da25668e1011f,2017-05-24 19:22:34,102.9,14.45
88,003324c70b19a16798817b2b3640e721,2,2b939dc9b176d7fa21594d588815d4a4,dbc22125167c298ef99da25668e1011f,2017-05-24 19:22:34,102.9,14.45
89,00335b686d693c7d72deeb12f8e89227,1,87b08e712cc4c9fe70984c5a24b29e2f,f00e21b1e91a79653163b7fd8f293ff1,2017-07-28 03:45:26,63.9,16.89
90,00335f75ea6a4455b524a8dd177067f5,1,e1bf2f209fd2b08e1af3ed71732d9008,70c27847eca8195c983ed7e798c56743,2018-05-02 22:10:29,168.8,8.21
91,00337fe25a3780b3424d9ad7c5a4b35e,1,1f9799a175f50c9fa725984775cac5c5,cfb1a033743668a192316f3c6d1d2671,2017-09-29 17:50:16,59.9,9.94
92,00337fe25a3780b3424d9ad7c5a4b35e,2,13944d17b257432717fd260e69853140,cfb1a033743668a192316f3c6d1d2671,2017-09-29 17:50:16,59.9,9.94
93,003423b755b562962a6225a8de40d12e,1,84904413b82eee333a3f79137e8d197e,23c38debaffe4a25a30fdbd9b586a13f,2018-07-18 04:25:09,232.75,28.58
94,00345f338696283410b7977d2e3efc89,1,0f2fd0a589cb7849c1dbedbd4109c2f8,516e7738bd8f735ac19a010ee5450d8d,2018-08-23 15:11:40,48.9,18.44
95,0035246a40f520710769010f752e7507,1,8a6187b2665118d5095f99a25fd7ba7a,4a3ca9315b744ce9f8e9374361493884,2017-08-23 01:25:39,87.0,12.11
96,0035c0b07126fe9c24a325216fb96064,1,ec02a5d380128f7a188e9ce8f3ddd832,8444e55c1f13cd5c179851e5ca5ebd00,2017-12-12 01:29:45,131.9,18.54
97,0035e6b7ade84b3f5b86bd49814793df,1,71a5f1c2a5fd9889ef26b5ac22aec9c6,537eb890efff034a88679788b647c564,2018-02-27 03:31:08,19.9,14.1
98,0036757472ece3dde52fd4bfd929c90e,1,4c1bbc12438daec98a77243c2bf7a3ba,7c67e1448b00f6e969d365cea6b010ab,2018-08-08 15:10:11,136.99,66.04
99,0036887767dea4bd43b1a88cd0d9477a,1,3a264b078bf20e98f315ff65c23fa263,46dc3b2cc0980fb8ec44634e21d2718e,2017-10-19 01:07:30,399.99,23.64
100,00378c6c981f234634c0b9d6128df6dd,1,38fa750a3a3b3204f169c86a3284d387,218d46b86c1881d022bce9c68a7d4b15,2018-02-08 19:50:27,41.0,11.85
101,003822434f91204da0a51fe4cf2aba18,1,99e71b776debf2f01a69dce207e3e4f8,c54679b132454625907c773d273d4126,2018-06-21 02:30:28,69.0,18.58
102,003822434f91204da0a51fe4cf2aba18,2,99e71b776debf2f01a69dce207e3e4f8,c54679b132454625907c773d273d4126,2018-06-21 02:30:28,69.0,18.58
103,0039500db36d50d7d0bfaf23723550f3,1,62984ea1bba7fcea1f5b57084d3bf885,c3cfdc648177fdbbbb35635a37472c53,2018-07-10 10:51:09,169.9,33.33
104,003a7f59d7e08a9c61d9e2881fe6459c,1,a4d286543a67e29c930c99cbd7a55a8f,b410bdd36d5db7a65dcd42b7ead933b8,2018-08-22 11:49:46,119.0,15.28
105,003a94f778ef8cfd50247c8c1b582257,1,452f66a0f164cac57802e2cea93188ac,f80edd2c5aaa505cc4b0a3b219abf4b8,2018-08-07 15:05:14,39.9,18.08
106,003cc6161d7a2593f2525cce0c330d32,1,fadc89c2a60ff96b18827644074dfd70,53e4c6e0f4312d4d2107a8c9cddf45cd,2018-08-07 20:04:14,85.0,12.9
107,003d0634280ff3d1d3a54459349a6899,1,db886bd83f6a076a2caeb7fd02722c35,8e6d7754bc7e0f22c96d255ebda59eba,2018-03-22 18:08:43,220.0,8.89
108,003d804eef0e1b856881cd18e0cc0d4c,1,41402af2a88247152583bb812ba235dd,4869f7a5dfa277a7dca6462dcf3b52b2,2017-11-27 12:15:18,277.0,35.74
109,003d9fc84ad902adf2265248b5ffe1a4,1,3fbc0ef745950c7932d5f2a446189725,06a2c3af7b3aee5d69171b0e14f0ee87,2018-08-22 19:35:22,66.99,27.75
110,003edccf16bc5ec447f592913b3df2b4,1,500870614ddcf5bd84f7d26861026c8a,ef506c96320abeedfb894c34db06f478,2018-07-12 10:15:21,14.0,50.85
111,003f201cdd39cdd59b6447cff2195456,1,656e0eca68dcecf6a31b8ececfabe3e8,0b90b6df587eb83608a64ea8b390cf07,2018-03-05 17:10:41,85.0,17.03
112,003f201cdd39cdd59b6447cff2195456,2,656e0eca68dcecf6a31b8ececfabe3e8,0b90b6df587eb83608a64ea8b390cf07,2018-03-05 17:10:41,85.0,17.03
113,003f9bcc09427647c4b9d361a523545b,1,4bc3ab2ff016887e619e587a993af3bf,7e93a43ef30c4f03f38b393420bc753a,2018-02-12 13:15:37,229.0,9.8
114,00404fa7a687c8c44ca69d42695aae73,1,53b36df67ebb7c41585e8d54d6772e08,7d13fca15225358621be4086e1eb0964,2018-05-15 04:31:26,99.9,0.0
115,0040a56893444cb56cba7cfe2225e34e,1,3f14d740544f37ece8a9e7bc8349797e,f457c46070d02cadd8a68551231220dd,2018-01-29 00:15:10,84.9,34.39
116,004157daafa0bc8672e01f00e4f0c04f,1,8b5632d7a4f86bd2f1331355305427e6,624f4ece8da4aafb77699233d480f8ef,2017-05-25 13:25:15,189.0,33.91
117,00418a49a685c6bb60633291c3fab17a,1,5e21d5cab5d33e770d8150a4ee6117db,6560211a19b47992c3666cc44a7e94c0,2017-10-09 20:50:45,49.0,7.78
118,004345d16a1ab2c21962992c721c8643,1,d0fb1e667e989933a80444f93da833c0,0be8ff43f22e456b4e0371b2245e4d01,2018-07-10 07:31:33,37.9,15.37
119,0044c6f6d22dd280534344177c81b989,1,01cf56cd6138b926a4802d16fc304149,06e5eefc71ec47ae763c5c6f8db7064f,2018-05-23 17:15:37,179.93,16.14
120,0045e3085f083f0f38d24bb3f22e6593,1,9545d45c37449ccbc376de3a04c66e71,431af27f296bc6519d890aa5a05fdb11,2017-08-17 07:15:16,116.9,13.84
121,0045f5225a96ef46630701167528fdcb,1,86a11a09edde2267675505fc4d56d9b0,3db66a856d18a9cba7c9241fc5221c50,2018-06-19 04:17:48,94.9,15.51
122,0046176ff0dbc2a178b7885355dfbb71,1,19f0917ba5781b978298ffcd9ae225c1,43f8c9950d11ecd03a0304a49e010da6,2018-06-06 19:35:18,121.99,15.73
123,0046e1d57f4c07c8c92ab26be8c3dfc0,1,ff6caf9340512b8bf6d2a2a6df032cfa,38e6dada03429a47197d5d584d793b41,2017-10-02 15:49:17,7.79,7.78
124,00471463a6106056c1a2a809f70de640,1,9df0e8a7eef2a38b74e6d5c0e224b11f,7c67e1448b00f6e969d365cea6b010ab,2017-10-03 22:46:14,179.99,85.97
125,00482f2670787292280e0a8153d82467,1,a9c404971d1a5b1cbc2e4070e02731fd,702835e4b785b67a084280efca355756,2017-02-17 16:18:07,7.6,10.96
126,0049edf42837aa808e03552a62bd2158,1,389d119b48cf3043d311335e499d9c6b,1f50f920176fa81dab994f9023523100,2018-01-05 12:48:10,49.9,17.6
127,004b62108b876867938746ad3154167f,1,c589625c8ccc7bfd2e8f1fb041e24c4a,c70c1b0d8ca86052f45a432a38b73958,2018-07-10 05:31:03,110.32,8.03
128,004ba47bb589cdbc485e6025bd6d3c81,1,8c5876b1c7768217964f353bc7e64393,0db783cfcd3b73998abc6e10e59a102f,2017-12-29 20:48:10,49.0,11.85
129,004ca5ae248069d68e8594df8abf6ce0,1,cd71c76f5ab15f51f24fb214fc42d8ab,620c87c171fb2a6dd6e8bb4dec959fc6,2018-06-14 18:52:39,159.9,61.18
130,004d76fef3dd46eb4f70da049c8d1f93,1,28a652ff04e43c1bc57937a9f8770f9b,3d871de0142ce09b7081e2b9d1733cb1,2017-12-27 11:10:33,120.0,27.39
131,004eab0fd8f28adaf8d488976f77febe,1,0c753fe6a58dfa7a27bda5de76e779c3,7586919161935337bf6b6d7ff5779648,2017-08-08 15:45:17,21.5,11.98
132,004f5d8f238e8908e6864b874eda3391,1,5a848e4ab52fd5445cdc07aab1c40e48,c826c40d7b19f62a09e2d7c5e7295ee2,2018-03-06 09:29:25,122.99,15.61
133,004fb11815bc03b01b20a614eef69d14,1,68c923fddf7f83316b53252eaf830724,7a67c85e85bb2ce8582c35f2203ad736,2017-11-30 14:16:42,72.99,19.75
134,004fb5e6f90a178dc74ad2b016649249,1,601a360bd2a916ecef0e88de72a6531a,7a67c85e85bb2ce8582c35f2203ad736,2017-06-15 10:02:38,129.99,13.93
135,005059edee63c8c708ba61910793b31b,1,84f456958365164420cfc80fbe4c7fab,4a3ca9315b744ce9f8e9374361493884,2018-02-12 18:30:33,92.0,17.89
136,005059edee63c8c708ba61910793b31b,2,84f456958365164420cfc80fbe4c7fab,4a3ca9315b744ce9f8e9374361493884,2018-02-12 18:30:33,92.0,17.89
137,00526a9d4ebde463baee25f386963ddc,1,0c4a0f8ab44f9acd2d04e7024f9ba362,7210cd29727d674c00741e5e387b3ccd,2018-08-14 22:15:22,33.89,8.4
138,00526a9d4ebde463baee25f386963ddc,2,0c4a0f8ab44f9acd2d04e7024f9ba362,7210cd29727d674c00741e5e387b3ccd,2018-08-14 22:15:22,33.89,8.4
139,00526a9d4ebde463baee25f386963ddc,3,0c4a0f8ab44f9acd2d04e7024f9ba362,7210cd29727d674c00741e5e387b3ccd,2018-08-14 22:15:22,33.89,8.4
140,00526a9d4ebde463baee25f386963ddc,4,0c4a0f8ab44f9acd2d04e7024f9ba362,7210cd29727d674c00741e5e387b3ccd,2018-08-14 22:15:22,33.89,8.4
141,0055b77cca3186676c147f532dd2547b,1,d1c427060a0f73f6b889a5c7c61f2ac4,a1043bafd471dff536d0c462352beb48,2018-02-25 22:47:21,149.0,40.37
142,0057199db02d1a5ef41bacbf41f8f63b,1,41eee23c25f7a574dfaf8d5c151dbb12,e5a3438891c0bfdb9394643f95273d8e,2018-01-25 09:07:51,20.3,16.79
143,00571ded73b3c061925584feab0db425,1,8695c431b31927efef5343e675f279e7,fe2032dab1a61af8794248c8196565c9,2017-05-25 21:10:16,179.9,15.01
144,00571ded73b3c061925584feab0db425,2,8695c431b31927efef5343e675f279e7,fe2032dab1a61af8794248c8196565c9,2017-05-25 21:10:16,179.9,15.01
145,00584d79015452d19fd3d044ba3abdc0,1,d9c01b484ada6a360c2715a08fdf1568,7202e2ba20579a9bd1acb29e61fe71f6,2017-07-27 19:27:31,109.9,12.27
146,00588f5f20fee630b83d4709e0a42715,1,bd6e8cf9fe4122c385da2bcb9f979d5d,4e922959ae960d389249c378d1c939f5,2017-08-29 16:04:45,89.0,25.9
147,005997dca4c1fc45066d0a03d54a6469,1,2948658cb6abc82847412be7201bfc4c,955fee9216a65b617aa5c0531780ce60,2018-04-16 18:15:20,120.0,13.75
148,005a1dded353107dbabf8ffc83a20365,1,7e6c4a0bf900e259f50ba63331fd2785,6560211a19b47992c3666cc44a7e94c0,2018-02-15 18:10:50,75.0,14.28
149,005b49de51a4e006055e8487a50ad8e4,1,381169576b9f3c083a1c3261da161a3b,8c16d1f32a54d92897cc437244442e1b,2017-04-13 13:50:09,46.86,14.52
150,005cad6157eadc7f1f09917607f1704a,1,7e97894cc00196a56d6ec315c68b2353,7008613ea464bad5cb9b83456e1e6a8f,2017-04-20 16:45:13,96.0,14.84
151,005d9a5423d47281ac463a968b3936fb,1,fb7a100ec8c7b34f60cec22b1a9a10e0,d98eec89afa3380e14463da2aabaea72,2017-10-24 12:28:16,49.99,18.12
152,005d9a5423d47281ac463a968b3936fb,2,4c3ae5db49258df0784827bdacf3b396,d98eec89afa3380e14463da2aabaea72,2017-10-24 12:28:16,24.99,13.58
153,005d9a5423d47281ac463a968b3936fb,3,4c3ae5db49258df0784827bdacf3b396,d98eec89afa3380e14463da2aabaea72,2017-10-24 12:28:16,24.99,13.58
154,005e5166e99d1e4d0c4f808b0540ba94,1,03bb24d19ea7449ce170e0888d830707,e9bc59e7b60fc3063eb2290deda4cced,2018-03-01 02:09:02,120.1,16.6
155,005f25968fc854ea16fb16f5bdbc87c7,1,f9259c9e7c0f12c70f7a81409680a5ff,3db66a856d18a9cba7c9241fc5221c50,2018-03-08 14:50:50,69.9,16.25
156,00602f25bffa1dcfb71e202fbf9824fb,1,32a8448d1612773bcfd0c5a8dd235e4e,86ccac0b835037332a596a33b6949ee1,2017-11-08 02:31:17,39.9,54.02
157,00611822267e76e0055c25c18506f06e,1,3d514fecadf6cef40a2a32a3c20cd1c8,23d7c96d4a1160db1c726b248601b25a,2018-08-03 13:50:14,159.9,20.31
158,006127b8b9a1681a982313ed7129c3c0,1,f819f0c84a64f02d3a5606ca95edd272,7d13fca15225358621be4086e1eb0964,2018-03-15 02:30:23,540.0,16.22
159,0064d74f7de7917d54768d7722ad56ac,1,fa11ecd35f999783e96ac500532d9d45,2e90cb1677d35cfe24eef47d441b7c87,2017-09-14 21:55:22,189.9,31.17
160,006557c3221c1fcd02b0106343ab357b,1,7d187801885842645486f00fb166f378,d91fb3b7d041e83b64a00a3edfb37e4f,2018-03-01 14:51:13,14.9,8.27
161,00664284de7a3470d22931ed78615ee4,1,205604b962ebdae1c924e0d14e6e8ac1,1b938a7ec6ac5061a66a3766e0e75f90,2017-09-28 13:30:11,43.9,11.85
162,0066a1fdaee16ad5022c5ef979d0b661,1,2fb0efd1f61f186ffdda9e8ec70f27f2,1d8dbc4f32378d715c717c1c1fc57bae,2018-06-14 20:17:26,139.0,87.28
163,0067c6030d65af0ff98790158ddb0020,1,02ed3b595447e948efc3eac897e4df0e,640e21a7d01df7614a3b4923e990d40c,2018-05-03 21:52:36,40.35,13.71
164,0068468c453d28c8ef3fd089e50a5847,1,2f763ba79d9cd987b2034aac7ceffe06,822bad9bc42b51213ba522fe87b7ab5d,2017-11-30 00:52:42,469.0,20.85
165,00685d31ae12e47470ba5c18ba74f22c,1,71bdf1a4d18c3cd68f108547f0b4cd1c,6fc26fe110feebd80a433e1f012a84f9,2017-08-31 21:55:16,59.0,16.17
166,0068c109948b9a1dfb8530d1978acef3,1,525f8fbde09c9bf777025c3141fbbc6e,8b321bb669392f5163d04c59e235e066,2018-01-30 02:53:04,35.9,15.79
167,0068c109948b9a1dfb8530d1978acef3,2,525f8fbde09c9bf777025c3141fbbc6e,8b321bb669392f5163d04c59e235e066,2018-01-30 02:53:04,35.9,15.79
168,0068e836900867da359bd81db9227a33,1,735413ccfa564132a231aad945ef85ad,5b67882648febfb6e1225e6ad7164f6b,2017-10-05 02:24:43,96.99,16.44
169,0068fb0e223115e911d362627e8b8800,1,e53e557d5a159f5aa2c5e995dfdf244b,88460e8ebdecbfecb5f9601833981930,2018-07-31 02:50:11,77.9,13.89
170,006c42f310102c1910b3c5793ce5fc34,1,b20004b530789d5db586f589da0ef3e3,afa6714acee029b2dfdf357e5579cc03,2018-08-08 16:24:34,229.99,20.8
171,006cb7cafc99b29548d4f412c7f9f493,1,e10758160da97891c2fdcbc35f0f031d,323ce52b5b81df2cd804b017b7f09aa7,2018-02-22 13:35:28,56.0,14.14
172,006cba07f62f921fe4f58365bde2b2eb,1,83d199d296c44101c8c3b5c9c0cce9ea,850f4f8af5ea87287ac68de36e29107f,2017-08-20 21:05:07,69.99,11.99
173,006dd93155bc2abd844cc5eed3a0fe7f,1,1ec486885049bbb9b79351d150ed18c4,cab85505710c7cb9b720bceb52b01cee,2017-12-07 01:29:28,49.9,7.78
174,006df90050498994d670b40da4651d22,1,85d619318aa201aca57171aabeed0048,cea729054f157f5870bdd321a958d994,2018-08-16 14:15:12,14.0,7.39
175,006e05e81c068ddc38e48ebe189b922e,1,02475368dfb38934fe55f574024fe1d7,6560211a19b47992c3666cc44a7e94c0,2018-01-03 22:07:25,29.0,14.1
176,006e43460a55bc60c0a437521e426529,1,08574b074924071f4e201e151b152b4e,001cca7ae9ae17fb1caed9dfb1094831,2017-05-17 01:30:22,99.0,43.06
177,006e91ddb0674525f84ce0da0655c7ba,1,8474d936fee23f0c45620cc2022871cc,2528513dd95219a6013d4d05176e391a,2018-04-16 19:31:09,499.0,30.35
178,006f7dfffe2d90809598e8f1972b829b,1,aacfae7cd4bac4849766f640abf2db8a,729b2d09b2a0bdab221076327f13d050,2018-03-28 23:07:23,39.85,12.79
179,0070092bb6004faafa287e5fc35971e9,1,31a2f42a87890f87d77daebdfabc182e,4c03b9dd4c11ee2cb35c96c49efc9420,2017-07-31 11:55:24,149.0,14.06
180,0071ee2429bc1efdc43aa3e073a5290e,1,00ffe57f0110d73fd84d162252b2c784,53e4c6e0f4312d4d2107a8c9cddf45cd,2018-01-26 14:17:41,179.98,12.46
181,0072847849eafe70995fa51a714c81ac,1,0f80705139ce16ea35bb489987399b55,de23c3b98a88888289c6f5cc1209054a,2018-05-18 04:52:44,219.99,14.9
182,00750f68bb64537034e93554c64b41b5,1,526f833e1eb0a32ad9351145a761b9ab,6560211a19b47992c3666cc44a7e94c0,2017-11-17 10:10:32,129.0,8.16
183,00756576f4e494406945ac21cb82cfe0,1,bfc0d01be79d9038c7720f983bf954e0,634964b17796e64304cadf1ad3050fb7,2018-02-06 02:53:55,137.0,15.71
184,00772b2af35643653f108fdac1155ee3,1,85b8a24337b4e2571f8fee38f4253a06,c3867b4666c7d76867627c2f7fb22e21,2017-05-02 11:05:19,37.0,10.96
185,00789ce015e7e5791c7914f32bb4fad4,1,f9d774a1820f792952eea079a40a7c6b,2709af9587499e95e803a6498a5a56e9,2017-07-04 23:43:34,154.0,14.83
186,0078a358a14592b887eb140ef515f5ab,1,722f84416177a451c3be217ef8ffa082,cca3071e3e9bb7d12640c9fbe2301306,2017-11-10 15:55:43,253.52,82.86
187,0079bca8e89bd52fdb87408e4f3fb94d,1,19421075ae0b585f2dc13ff149e2119d,4c2b230173bb36f9b240f2b8ac11786e,2018-05-10 03:31:09,49.9,7.39
188,007bbb40c95870c0f75a7855f2636c65,1,0ec7b6a863e219792bc4d50d3a62a839,1e8b33f18b4f7598d87f5cbee2282cc2,2018-04-30 11:31:27,148.9,13.95
189,007beb35f98c075747e6fc4fd1c0cb73,1,ce130b350f529a1d6288f927da7404ea,e38db885400cd35c71dfd162f2c1dbcf,2017-09-28 08:50:17,64.9,18.69
190,007c7cb12ef3567531307ca78d395758,1,15c30c08ae39469fbf52befff9569adb,7e93a43ef30c4f03f38b393420bc753a,2018-02-26 11:47:38,179.0,16.0
191,007ec946d4f798caf2b43c9d44c56421,1,779559842fc122d55edbd03153f35e81,f8db351d8c4c4c22c6835c19a46f01b0,2017-11-30 04:15:38,27.9,15.1
192,007ff0b0f79be782f633fc3b18cbe337,1,e819fddd6622f30e872bfc89471c1408,7139dc5186aa238b006e066d8fbab2e4,2018-02-08 20:10:10,39.0,16.11
193,0080eebb288dba1857ccf048dfe6bdfe,1,2083a6feb4bbb31f6abc92fc24e468c0,cc419e0650a3c5ba77189a1882b7556a,2017-08-21 17:45:16,7.0,14.1
194,0081ab2c99dc85945c28926b77dc6960,1,e1c0a39b7f806727ea5121c60035ed3c,96493fab2fbb13a14d0c0e8772eef5c3,2018-02-20 23:31:20,269.0,10.7
195,0081ce648af7d6a7bac2a93b6035d1e3,1,1d417ca09479182e9fdf13a1c77c309f,54965bbe3e4f07ae045b90b0b8541f52,2017-11-16 02:51:05,99.9,17.95
196,0084209c576daad6ff4534902fcb4892,1,7340a3839a1de1e99d149b8cf052a2ec,4a3ca9315b744ce9f8e9374361493884,2017-07-11 17:38:02,69.9,15.24
197,0084e195fbd72ae51599af47f04afede,1,a963ea4d494221de09b70f1b4a70edbd,bd0389da23d89b726abf911cccc54596,2018-03-21 00:10:59,89.9,23.13
198,00858d03144cc35cfd1dd043647e7c88,1,e40fa115d27ea4a80bf2136d5f0cfcd7,d91fb3b7d041e83b64a00a3edfb37e4f,2018-03-20 23:09:38,165.0,19.03
199,008720830a8a30e39e6f22f81818a141,1,22d65c4f3ab25834df12163a3403da32,7a67c85e85bb2ce8582c35f2203ad736,2017-08-17 16:55:17,57.99,11.73
